[{"question": "If I were to take an English penny, melt it down, then somehow stretch it out into a perfect hollow sphere 1 atom thick, how large would this sphere be?", "program": "PROGRAM:=Q1: What is the volume of a single penny?=Q2: What is the thickness of the penny which is in the form of a hollow sphere now?=A1: 0.93 in**3=A2: 3.9e-9 in=Q2 -> A2 | F17=Q1 -> A1 | F20=P: Div (Q1, Q2)", "answer": "2.3e+8 in**2", "context": "CONTEXT:=F1: There are 24 hours in a day.=F2: The average gravitational force of a planet is 3e+22 N=F3: The force required to move an object from its position could be any force that is greater than the force that the object is exerting opposite to us (in this case, it is the gravitational force) (e.g. 1 N).=F4: There are 60 seconds in a minute.=F5: The average memory capacity of a human is 2.5e+15 bytes.=F6: The mass of earth is 6e+24 kg=F7: The radius of earth is 6400 km=F8: One cubic inch of a human's bone can hold upto 8626 kg/cubic in=F9: It takes around 1 second to count a number=F10: The numerical factor to calculate square of a number is 2=F11: The approximate reduction in radius of the sun is 600000 km=F12: The average time taken to uproot a single sign is 5 min=F13: The distance between Pluto and Earth is 5e+9 km=F14: The maximum speed that a ball can attain after being released by a human is 145 kmph=F15: The distance from earth to sun is 151e+6 km=F16: There are roughly 1e+12 man made signs in the world.=F17: The thickness of the penny is 3.9e-9 in=F18: The orbital velocity of earth is 29.8 km/s=F19: The total volume of bones in the human body is 435 cubic inches=F20: The volume of the penny is 0.93 in**3", "fact_transform": {"19": 0, "16": 1}}, {"question": "How long would it take to pluck each hair out of your body one at a time?", "program": "PROGRAM:=Q1: How long does it take to pluck a single strand of hair?=Q2: How many hairs do we have on our body?=A1: 5 s=A2: 5e+6=Q2 -> A2 | F7=Q1 -> A1 | F11=P: Mul (Q1, Q2)", "answer": "2.5e+7 s", "context": "CONTEXT:=F1: The mass of earth is 6e+24 kg=F2: The orbital velocity of earth is 29.8 km/s=F3: There are around 10e+12 cells in one human body.=F4: The average length of awfully-fledged cable is 200 m=F5: There are 60 minutes in an hour.=F6: The total length of blood vessels is 60000 mi.=F7: The entire human body has 5e+6 hair follicles.=F8: The total volume of bones in the human body is 435 cubic inches=F9: One cubic inch of a human's bone can hold upto 8626 kg/cubic in=F10: It takes around 1 second to count a number=F11: It takes around 5 seconds to pluck a single strand of hair.=F12: Since length of blood vessels does not depend on change in height of an average human body, the numerical factor is 1.=F13: The radius of earth is 6400 km=F14: The total information that can be learnt by our brain is 10e+70 bits.=F15: There are around 123e+8 cables in the world. (Assumption)=F16: The rate at which an average human learns is 10e+15 bits per second.=F17: The numerical factor to calculate square of a number is 2=F18: The total human population is 7.2e+9.=F19: The average length of DNA in a single cell is 6 ft.=F20: There are 60 seconds in a minute.", "fact_transform": {"10": 0, "6": 1}}, {"question": "How many air molecules are in this lecture hall?", "program": "PROGRAM:=Q1: What is the volume of the lecture hall?=Q2: What is the volume of a single air molecule?=A1: 24000 m**3=A2: 3e-24 m**3=Q2 -> A2 | F18=Q1 -> A1 | F16=P: Div (Q1, Q2)", "answer": "8.00E+27", "context": "CONTEXT:=F1: The average mass of an air molecule is 2.5e-23 g [(N2+O2)/2]=F2: The volume of average human is 0.0644 m**3=F3: The volume of the setting is 1L=F4: The density of air is 1.2 kg/m**3=F5: The total length of blood vessels is 60000 mi.=F6: 100000 pascals equal 1 atm.=F7: The impact area of a fart is 0.01 metre square=F8: The force required to move an object from its position could be any force that is greater than the force that the object is exerting opposite to us (in this case, it is the gravitational force) (e.g. 1 N).=F9: The relationship between square and the normal value of an expression is its square root.=F10: The bee flies for a total of around 4 hours each day.=F11: Since length of blood vessels does not depend on change in height of an average human body, the numerical factor is 1.=F12: The average speed at which a bee flies is 15 miles per hour=F13: The average gravitational force of a planet is 3e+22 N=F14: The Avogadro number is 6e+23=F15: The average volume of a classroom is 7680 cubic feet.=F16: The volume of the lecture hall is 24000 metre cube=F17: A fart contains 0.2 N force.=F18: The volume of a single air molecule is 3e-24 cubic meter=F19: The pressure of the setting is 105 Pa=F20: The force of gravity acting on body is 10 m*s**-2", "fact_transform": {"15": 0, "17": 1}}, {"question": "A cure for all cancers would increase the average American lifespan by how many years?", "program": "PROGRAM:=Q1: What is the average american lifespan?=Q2: Cancer cuts down the average lifespan by how many years?=A1: 78=A2: 5=Q2 -> A2 | F14=Q1 -> A1 | F12=P: Add (Q1, Q2)", "answer": "83", "context": "CONTEXT:=F1: There are around 10e+12 cells in one human body.=F2: The total volume of bones in the human body is 435 cubic inches=F3: There are 60 minutes in an hour.=F4: The average length of DNA in a single cell is 6 ft.=F5: The total length of blood vessels is 60000 mi.=F6: One cubic inch of a human's bone can hold upto 8626 kg/cubic in=F7: The radius of earth is 6400 km=F8: The size of an average insect is 2.2e-6 lb=F9: The distance between Pluto and Earth is 5e+9 km=F10: The maximum speed that a ball can attain after being released by a human is 145 kmph=F11: There are 60 seconds in a minute.=F12: The average american lifespan is 78 years.=F13: It takes around 1 second to count a number=F14: Cancer cuts down the average lifespan of a person by 5 years.=F15: Since length of blood vessels does not depend on change in height of an average human body, the numerical factor is 1.=F16: There are 1000000 numbers in a million=F17: The numerical factor to calculate square of a number is 2=F18: The total human population is 7.2e+9.=F19: There are 24 hours in a day.=F20: The total amount of meat consumption in the world annually is 134e+9 lb", "fact_transform": {"11": 0, "13": 1}}, {"question": "What is the number of queen-size mattresses it would take to fill the star Betelgeuse which has 18 times the mass of the Sun?", "program": "PROGRAM:=Q1: What is the mass of the star Betelgeuse?=Q2: What is the mass of a queen size mattress?=Q3: What is the mass of the sun?=Q4: What is the ratio of the mass of Betelgeuse to mass of sun?=A1: 140 lb=A2: 4.3e+30 lb=A3: 18=Q4 -> A3 | F11=Q3 -> A2 | F7=Q1 -> Mul (Q4, Q3)=Q2 -> A1 | F17=P: Div (Q1, Q2)", "answer": "5.50E+29", "context": "CONTEXT:=F1: Number of patients admitted in hospital due to covid in India is 5e+6=F2: There are 365 days in a year.=F3: The average length of awfully-fledged cable is 200 m=F4: The volume of an ant is 1e-8 metre cube=F5: The surface area of The Shard is 398490 sq. metre=F6: There are around 123e+8 cables in the world. (Assumption)=F7: The mass of the sun is 4.3e+30 pounds.=F8: India constitutes around 50% of overall covid cases currently.=F9: The total duration of the journey is 60000 minutes=F10: The diameter of expanded gold nucleus is 1 m=F11: The ratio of mass of Betelgeuse to mass of sun is 18=F12: The distance between electron cloud and nucleus is 0.52e-10 m=F13: The total length of blood vessels is 60000 mi.=F14: The height of a Shard is 244 metres=F15: The diameter of normal gold nucleus is 1.4e-14 m=F16: Since length of blood vessels does not depend on change in height of an average human body, the numerical factor is 1.=F17: The mass of a queen size mattress is 140 pounds=F18: A normal heart beats 80 times a minute.=F19: The fraction of 18-30 aged people with Coronavirus in hospitals is 21%=F20: The average RPM of the wheels at 40 kmph is 3000", "fact_transform": {"16": 0, "6": 1, "10": 2}}]