[{"question": "If I were to take an English penny, melt it down, then somehow stretch it out into a perfect hollow sphere 1 atom thick, how large would this sphere be?", "program": "PROGRAM:=Q1: What is the volume of a single penny?=Q2: What is the thickness of the penny which is in the form of a hollow sphere now?=A1: 0.93 in**3=A2: 3.9e-9 in=Q2 -> A2 | F2=Q1 -> A1 | F1=P: Div (Q1, Q2)", "answer": "2.3e+8 in**2", "context": "CONTEXT:=F1: The volume of the penny is 0.93 in**3=F2: The thickness of the penny is 3.9e-9 in"}, {"question": "How long would it take to pluck each hair out of your body one at a time?", "program": "PROGRAM:=Q1: How long does it take to pluck a single strand of hair?=Q2: How many hairs do we have on our body?=A1: 5 s=A2: 5e+6=Q2 -> A2 | F2=Q1 -> A1 | F1=P: Mul (Q1, Q2)", "answer": "2.5e+7 s", "context": "CONTEXT:=F1: It takes around 5 seconds to pluck a single strand of hair.=F2: The entire human body has 5e+6 hair follicles."}, {"question": "How many air molecules are in this lecture hall?", "program": "PROGRAM:=Q1: What is the volume of the lecture hall?=Q2: What is the volume of a single air molecule?=A1: 24000 m**3=A2: 3e-24 m**3=Q2 -> A2 | F2=Q1 -> A1 | F1=P: Div (Q1, Q2)", "answer": "8.00E+27", "context": "CONTEXT:=F1: The volume of the lecture hall is 24000 metre cube=F2: The volume of a single air molecule is 3e-24 cubic meter"}, {"question": "A cure for all cancers would increase the average American lifespan by how many years?", "program": "PROGRAM:=Q1: What is the average american lifespan?=Q2: Cancer cuts down the average lifespan by how many years?=A1: 78=A2: 5=Q2 -> A2 | F2=Q1 -> A1 | F1=P: Add (Q1, Q2)", "answer": "83", "context": "CONTEXT:=F1: The average american lifespan is 78 years.=F2: Cancer cuts down the average lifespan of a person by 5 years."}, {"question": "What is the number of queen-size mattresses it would take to fill the star Betelgeuse which has 18 times the mass of the Sun?", "program": "PROGRAM:=Q1: What is the mass of the star Betelgeuse?=Q2: What is the mass of a queen size mattress?=Q3: What is the mass of the sun?=Q4: What is the ratio of the mass of Betelgeuse to mass of sun?=A1: 140 lb=A2: 4.3e+30 lb=A3: 18=Q4 -> A3 | F3=Q3 -> A2 | F2=Q1 -> Mul (Q4, Q3)=Q2 -> A1 | F1=P: Div (Q1, Q2)", "answer": "5.50E+29", "context": "CONTEXT:=F1: The mass of a queen size mattress is 140 pounds=F2: The mass of the sun is 4.3e+30 pounds.=F3: The ratio of mass of Betelgeuse to mass of sun is 18"}]