[{"question": "How many Dog can 918 of Bill Gates buy?", "context": "CONTEXT:=F1: The cost of Bill Gates is 1.304000E+08 times that of Dog.=F2: The cost of Dog is 1.000000E+00 times that of Bathtub.=F3: The cost of Bill Gates is 1.304000E+08 times that of Bathtub.=F4: The cost of Sheet of paper is $1.600000E-02.=F5: The cost of Bill Gates is 1.304000E+11 times that of Mars Bars.=F6: The cost of Mars Bars is $1.000000E+00.=F7: The cost of Dog is $1.000000E+03.=F8: The cost of Hairs is $5.000000E+01.=F9: The cost of Polonium-241 is $4.920000E+13.=F10: The cost of Bill Gates is $1.304000E+11.=F11: The cost of Dog is 2.000000E+01 times that of Hairs.=F12: The cost of Car is $4.000000E+04.=F13: The cost of Bill Gates is 2.608000E+09 times that of Hairs.=F14: The cost of Bill Gates is 2.650407E-03 times that of Polonium-241.=F15: The cost of Bathtub is $1.000000E+03.=F16: The cost of Dog is 2.032520E-11 times that of Polonium-241.=F17: The cost of Hairs is 1.016260E-12 times that of Polonium-241.=F18: The cost of Bill Gates is 3.260000E+06 times that of Car.=F19:  The cost of Dog is $1.000000E+03.=F20: The cost of Bill Gates is 8.150000E+12 times that of Sheet of paper.", "answer": "1.197072E+11", "program": "PROGRAM:=Q1: What is the cost of Bill Gates?=Q2: What is the cost of Dog?=Q3: What is the cost of Polonium-241?=Q4: What is 918 times the cost of Bill Gates?=Q5: What is the ratio of the cost of Bill Gates and the cost of Polonium-241?=A1: $1.000000E+03=A2: $4.920000E+13=A3: 2.650407E-03=Q2 -> A1 | F19=Q3 -> A2 | F9=Q5 -> A3 | F14=Q1 -> Mul(Q3, Q5)=Q4 -> Mul(Q1, 918)=P: Div(Q4, Q2)", "hop": 1, "template": "$y.cost * $k / $x.cost", "program_simple": [["*", [["/", [[".", ["Bill Gates", "cost"]], [".", ["Dog", "cost"]]]], ["", ["918"]]]]], "fact_transform": {"17": 0, "1": 1, "13": 2, "9": 3, "12": 4, "11": 5, "8": 6, "14": 7, "7": 8, "18": 9}}, {"question": "How many Windsor Castle have the same area as Florida?", "context": "CONTEXT:=F1: The area of United States Capitol is 2.322500E+05 m**2.=F2: The area of Great Barrier Reef is 8.882257E+03 times that of Rock Island.=F3: The area of Rock Island is 3.922145E+07 m**2.=F4: The area of Windsor Castle is 7.862069E-03 times that of London-Gatwick Airport (LGW).=F5: The area of Florida is 3.756420E+01 times that of Fort Bliss.=F6: The area of Windsor Castle is 5.295300E+04 m**2.=F7: The area of Postage Stamp is 3.716000E-04 m**2.=F8: The area of London Heathrow Airport (LHR) is 5.284000E+01 times that of United States Capitol.=F9:  The area of Postage Stamp is 3.716000E-04 m**2.=F10: The area of Bathtub is 1.190000E+00 m**2.=F11: The area of Prince Edward Island is 5.683724E+09 m**2.=F12: The area of Ballpoint Pen Tip is 6.967500E-07 m**2.=F13: The area of London-Gatwick Airport (LGW) is 6.735250E+06 m**2.=F14: The area of Windsor Castle is 9.253247E-05 times that of Isle of Man.=F15: The area of Hairs is 3.000000E-06 m**2.=F16: The area of Isle of Man is 5.722640E+08 m**2.=F17: The area of Fort Bliss is 4.533520E+09 m**2.=F18: The area of Edinburgh is 2.638360E+08 m**2.=F19: The area of Delihi is 1.482684E+09 m**2.=F20: The area of Florida is 1.702981E+11 m**2.", "answer": "3.216023E+06", "program": "PROGRAM:=Q1: What is the area of Florida?=Q2: What is the area of Windsor Castle?=Q3: What is the area of Isle of Man?=Q4: What is the ratio of the area of Windsor Castle and that of Isle of Man?=A1: 1.702981E+11 m**2=A2: 5.722640E+08 m**2=A3: 9.253247E-05=Q1 -> A1 | F20=Q3 -> A2 | F16=Q4 -> A3 | F14=Q2 -> Mul(Q3, Q4)=P: Div(Q1, Q2)", "hop": 1, "template": "$y.area / $x.area", "program_simple": [["/", [[".", ["Florida", "area"]], [".", ["Windsor Castle", "area"]]]]], "fact_transform": {"7": 0, "4": 1, "19": 2, "17": 3, "5": 4, "0": 5, "16": 6, "13": 7, "15": 8, "8": 9}}, {"question": "How many Bill Gates can 146 of Bill Gates buy?", "context": "CONTEXT:=F1: The length of Spring Temple Buddha is 4.663440E+01 m.=F2: The cost of Car is $4.000000E+04.=F3:  The cost of Bill Gates is 3.260000E+06 times that of Car.=F4: The cost of Bill Gates is $1.304000E+11.=F5: The cost of Hairs is $5.000000E+01.=F6: The cost of Bill Gates is 2.650407E-03 times that of Polonium-241.=F7: The cost of Bill Gates is 1.304000E+11 times that of Mars Bars.=F8: The cost of Sheet of paper is 1.600000E-02 times that of Mars Bars.=F9: The length of Las Vegas Strip is 2.072640E+03 m.=F10: The cost of Polonium-241 is 3.075000E+15 times that of Sheet of paper.=F11: The cost of Sheet of paper is 3.252033E-16 times that of Polonium-241.=F12: The cost of Bathtub is $1.000000E+03.=F13: The cost of Bill Gates is 1.304000E+08 times that of Dog.=F14: The cost of Bill Gates is 2.608000E+09 times that of Hairs.=F15: The cost of Sheet of paper is 1.600000E-05 times that of Bathtub.=F16: The cost of Dog is $1.000000E+03.=F17: The cost of Sheet of paper is $1.600000E-02.=F18: The cost of Polonium-241 is $4.920000E+13.=F19: The cost of Mars Bars is $1.000000E+00.=F20: The cost of Bill Gates is 3.260000E+06 times that of Car.", "answer": "1.460000E+02", "program": "PROGRAM:=Q1: What is the cost of Bill Gates?=Q2: What is the cost of Bill Gates?=Q3: What is the cost of Car?=Q4: What is 146 times the cost of Bill Gates?=Q5: What is the ratio of the cost of Bill Gates and the cost of Car?=A1: $1.304000E+11=A2: $4.000000E+04=A3: 3.260000E+06=Q1 -> A1 | F4=Q4 -> Mul(Q1, 146)=Q3 -> A2 | F2=Q5 -> A3 | F3=Q2 -> Mul(Q3, Q5)=P: Div(Q4, Q2)", "hop": 1, "template": "$y.cost * $k / $x.cost", "program_simple": [["*", [["/", [[".", ["Bill Gates", "cost"]], [".", ["Bill Gates", "cost"]]]], ["", ["146"]]]]], "fact_transform": {"12": 0, "6": 1, "13": 2, "16": 3, "18": 4, "15": 5, "1": 6, "4": 7, "3": 8, "2": 9}}, {"question": "If 65 of Elephant were to have the same density as air, how much would it weigh?", "context": "CONTEXT:=F1: The density of air is 7.000000E+00 kg * m ** -3.=F2: The volume of Elephant is 1.016228E-19 times that of Gulf of Mexico.=F3: The volume of Elephant is 5.000000E-27 times that of Sun.=F4: The density of air is 1.560510E-04 times that of steel.=F5: The length of Elephant is 6.000000E+00 m.=F6: The volume of Elephant is 7.000000E+00 m**3.=F7: The volume of Golf Ball (packed) is 1.799012E+00 m**3.=F8: The length of Kentucky Derby is 6.131601E+02 m.=F9: The volume of Olympic Swimming Pool is 7.075000E+07 m**3.=F10: The volume of Concrete Mixer Truck is 3.113000E+05 m**3.=F11:  The length of Kentucky Derby is 6.131601E+02 m.=F12: The volume of boulder is 8.333333E+03 times that of Marshmallow.=F13: The volume of skull is 4.245000E+01 m**3.=F14: The volume of Elephant is 3.891024E+00 times that of Golf Ball (packed).=F15: The density of steel is 7.850000E+09 kg * m ** -3.=F16: The volume of Marshmallow is 8.490000E-01 m**3.=F17: The volume of Gulf of Mexico is 6.888220E+19 m**3.=F18: The volume of Egg (Chicken) is 1.924400E+00 m**3.=F19: The volume of Sun is 1.400000E+27 m**3.=F20: The length of suitcase is 2.982582E-04 times that of Kentucky Derby.", "answer": "5.573750E+08 kg", "program": "PROGRAM:=Q1: What is the density of air?=Q2: What is the volume of Elephant?=Q3: What is 65 times the volume of Elephant?=A1: 7.000000E+00 kg * m ** -3=A2: 7.000000E+00 m**3=Q1 -> A1 | F1=Q2 -> A2 | F6=Q3 -> Mul(Q2, 65)=P: Mul(Q3, Q1)", "hop": 0, "template": "$k * $y.density * $x.volume", "program_simple": [["*", [["*", [[".", ["Elephant", "volume"]], [".", ["air", "density"]]]], ["", ["65"]]]]], "fact_transform": {"14": 0, "15": 1, "19": 2, "4": 3, "3": 4, "11": 5, "12": 6, "0": 7, "5": 8, "10": 9}}, {"question": "How long to digest 440 grams of Mars Bars?", "context": "CONTEXT:=F1: The volume of Royal Albert Hall is 2.452195E+09 m**3.=F2: The cost of Mars Bars is $1.000000E+00.=F3: The average human metabolic rate is 65 calories/hour.=F4: The cost of Hairs is $5.000000E+01.=F5: The cost of Dog is $1.000000E+03.=F6:  The cost of Bill Gates is $1.304000E+11.=F7: The cost of Car is $4.000000E+04.=F8: The cost of Car is 4.000000E+01 times that of Bathtub.=F9: The cost of Car is 4.000000E+04 times that of Mars Bars.=F10: The volume of Car Gas Tank is 2.142310E+03 m**3.=F11: The cost of Hairs is 1.250000E-03 times that of Car.=F12: The cost of Car is 8.130081E-10 times that of Polonium-241.=F13: The cost of Bill Gates is 1.304000E+08 times that of Dog.=F14: The calories of Mars Bars is 3.965000E+00 calories.=F15: The cost of Polonium-241 is $4.920000E+13.=F16: The cost of Bathtub is $1.000000E+03.=F17: The volume of Marshmallow is 3.462204E-10 times that of Royal Albert Hall.=F18: The volume of Beer Keg is 1.661210E+03 m**3.=F19: The volume of Basketball (packed) is 3.141396E+02 m**3.=F20: The cost of Bill Gates is $1.304000E+11.", "answer": "2.684000E+01 hour", "program": "PROGRAM:=Q1: What is the calories of Mars Bars?=Q2: What is 440 times the calories of Mars Bars?=Q3: What is the average human metabolic rate?=A1: 3.965000E+00 calories=A2: 6.500000E+01=Q1 -> A1 | F14=Q2 -> Mul(440, Q1)=Q3 -> A2 | F3=P: Div(Q2, Q3)", "hop": 0, "template": "$k * $x.calories / 65", "program_simple": [["*", [["/", [[".", ["Mars Bars", "calories"]], ["", ["65"]]]], ["", ["440"]]]]], "fact_transform": {"0": 0, "10": 1, "7": 2, "2": 3, "13": 4, "3": 5, "17": 6, "16": 7, "6": 8, "5": 9}}]