[{"question": "How many Dog can 918 of Bill Gates buy?", "context": "CONTEXT:=F1: The cost of Bill Gates is 2.650407E-03 times that of Polonium-241.=F2: The cost of Dog is $1.000000E+03.=F3: The cost of Polonium-241 is $4.920000E+13.", "answer": "1.197072E+11", "program": "PROGRAM:=Q1: What is the cost of Bill Gates?=Q2: What is the cost of Dog?=Q3: What is the cost of Polonium-241?=Q4: What is 918 times the cost of Bill Gates?=Q5: What is the ratio of the cost of Bill Gates and the cost of Polonium-241?=A1: $1.000000E+03=A2: $4.920000E+13=A3: 2.650407E-03=Q2 -> A1 | F2=Q3 -> A2 | F3=Q5 -> A3 | F1=Q1 -> Mul(Q3, Q5)=Q4 -> Mul(Q1, 918)=P: Div(Q4, Q2)", "hop": 1, "template": "$y.cost * $k / $x.cost", "program_simple": [["*", [["/", [[".", ["Bill Gates", "cost"]], [".", ["Dog", "cost"]]]], ["", ["918"]]]]]}, {"question": "How many Windsor Castle have the same area as Florida?", "context": "CONTEXT:=F1: The area of Florida is 1.702981E+11 m**2.=F2: The area of Windsor Castle is 9.253247E-05 times that of Isle of Man.=F3: The area of Isle of Man is 5.722640E+08 m**2.", "answer": "3.216023E+06", "program": "PROGRAM:=Q1: What is the area of Florida?=Q2: What is the area of Windsor Castle?=Q3: What is the area of Isle of Man?=Q4: What is the ratio of the area of Windsor Castle and that of Isle of Man?=A1: 1.702981E+11 m**2=A2: 5.722640E+08 m**2=A3: 9.253247E-05=Q1 -> A1 | F1=Q3 -> A2 | F3=Q4 -> A3 | F2=Q2 -> Mul(Q3, Q4)=P: Div(Q1, Q2)", "hop": 1, "template": "$y.area / $x.area", "program_simple": [["/", [[".", ["Florida", "area"]], [".", ["Windsor Castle", "area"]]]]]}, {"question": "How many Bill Gates can 146 of Bill Gates buy?", "context": "CONTEXT:=F1: The cost of Bill Gates is $1.304000E+11.=F2: The cost of Bill Gates is 3.260000E+06 times that of Car.=F3: The cost of Car is $4.000000E+04.", "answer": "1.460000E+02", "program": "PROGRAM:=Q1: What is the cost of Bill Gates?=Q2: What is the cost of Bill Gates?=Q3: What is the cost of Car?=Q4: What is 146 times the cost of Bill Gates?=Q5: What is the ratio of the cost of Bill Gates and the cost of Car?=A1: $1.304000E+11=A2: $4.000000E+04=A3: 3.260000E+06=Q1 -> A1 | F1=Q4 -> Mul(Q1, 146)=Q3 -> A2 | F3=Q5 -> A3 | F2=Q2 -> Mul(Q3, Q5)=P: Div(Q4, Q2)", "hop": 1, "template": "$y.cost * $k / $x.cost", "program_simple": [["*", [["/", [[".", ["Bill Gates", "cost"]], [".", ["Bill Gates", "cost"]]]], ["", ["146"]]]]]}, {"question": "If 65 of Elephant were to have the same density as air, how much would it weigh?", "context": "CONTEXT:=F1: The density of air is 7.000000E+00 kg * m ** -3.=F2: The volume of Elephant is 7.000000E+00 m**3.", "answer": "5.573750E+08 kg", "program": "PROGRAM:=Q1: What is the density of air?=Q2: What is the volume of Elephant?=Q3: What is 65 times the volume of Elephant?=A1: 7.000000E+00 kg * m ** -3=A2: 7.000000E+00 m**3=Q1 -> A1 | F1=Q2 -> A2 | F2=Q3 -> Mul(Q2, 65)=P: Mul(Q3, Q1)", "hop": 0, "template": "$k * $y.density * $x.volume", "program_simple": [["*", [["*", [[".", ["Elephant", "volume"]], [".", ["air", "density"]]]], ["", ["65"]]]]]}, {"question": "How long to digest 440 grams of Mars Bars?", "context": "CONTEXT:=F1: The calories of Mars Bars is 3.965000E+00 calories.=F2: The average human metabolic rate is 65 calories/hour.", "answer": "2.684000E+01 hour", "program": "PROGRAM:=Q1: What is the calories of Mars Bars?=Q2: What is 440 times the calories of Mars Bars?=Q3: What is the average human metabolic rate?=A1: 3.965000E+00 calories=A2: 6.500000E+01=Q1 -> A1 | F1=Q2 -> Mul(440, Q1)=Q3 -> A2 | F2=P: Div(Q2, Q3)", "hop": 0, "template": "$k * $x.calories / 65", "program_simple": [["*", [["/", [[".", ["Mars Bars", "calories"]], ["", ["65"]]]], ["", ["440"]]]]]}]